<title>{{ TOOL_NAME }}</title>

<section title="USAGE">
        <line command="{{ TOOL_NAME }}">&lt;file&gt; &lt;output&gt;</line>
</section>

<section title="commands">
	<line command="-o">للأحتفاظ بل نسخة الأصلية</line>
	<line command=" *">فك تشفير كل الملفات التي فى المسار الحالى</line>
</section>

<section title="examples">
        <line command="{{ TOOL_NAME }}">filename.py</line>
        <line command="{{ TOOL_NAME }}">filename1.py filename2.py filename3.py</line>
        <line command="{{ TOOL_NAME }}">filename.py -o out.py</line>
        <line command="{{ TOOL_NAME }}">*</line>
</section>

